Sample,Group,Primer Index #,Index Seq,Sequence Pool
7A,K,13,AGTCAA,1
7B,K,14,AGTTCC,1
7C,K,15,ATGTCA,1
8A,K,16,CCGTCC,1
8B,K,18,GTCCGC,1
8C,K,19,GTGAAA,1
7A,N,20,GTGGCC,1
7B,N,21,GTTTCG,1
7C,N,22,CGTACG,1
8A,N,23,GAGTGG,1
8B,N,25,ACTGAT,1
8C,N,27,ATTCCT,1
7A,P,2,CGATGT,1
7B,P,4,TGACCA,1
7C,P,5,ACAGTG,1
8A,P,6,GCCAAT,1
8B,P,7,CAGATC,1
8C,P,12,CTTGTA,1
7A,E,1,ATCACG,2
7B,E,2,CGATGT,2
7C,E,3,TTAGGC,2
8A,E,4,TGACCA,2
8B,E,5,ACAGTG,2
8C,E,6,GCCAAT,2
7A,G,7,CAGATC,2
7B,G,8,ACTTGA,2
7C,G,9,GATCAG,2
8A,G,10,TAGCTT,2
8B,G,11,GGCTAC,2
8C,G,12,CTTGTA,2